{
  "evaluation_scope": "official_test_fold",
  "created_at": "2026-07-14T01:43:06.661799+00:00",
  "checkpoint": {
    "file": "best_iou.pt",
    "sha256": "8672b0d2d717d9882f54e87c6a14c2759e04ed2508f4a406529adc04d2cc63f3"
  },
  "test_samples": 2722,
  "fold_protocol": {
    "train": 1,
    "validation": 2,
    "test": 3
  },
  "settings": {
    "tta": false,
    "mask_threshold": 0.5
  },
  "runtime": {
    "python": "3.12.13",
    "torch": "2.13.0",
    "device": "mps"
  },
  "metrics": {
    "Dice": {
      "mean": 0.8247808386113558,
      "std": 0.1335953669115094,
      "ci95": [
        0.8197917335047304,
        0.8297796742177586
      ]
    },
    "IoU": {
      "mean": 0.7181028600316578,
      "std": 0.147572114556267,
      "ci95": [
        0.7127065110385108,
        0.7236683794201939
      ]
    },
    "Precision": {
      "mean": 0.8045942859600851,
      "std": 0.14339394450149762,
      "ci95": [
        0.7988836209506815,
        0.8101180531719654
      ]
    },
    "Recall": {
      "mean": 0.860111300790343,
      "std": 0.13909114989455137,
      "ci95": [
        0.8549519799266495,
        0.8650607164350762
      ]
    },
    "aji_plus": {
      "mean": 0.48108070879880044,
      "std": 0.1672680490118156,
      "ci95": [
        0.4750975228856975,
        0.4872798232457144
      ]
    },
    "pq": {
      "mean": 0.39710704421867526,
      "std": 0.1950978084792044,
      "ci95": [
        0.3902565572397063,
        0.40413223126957387
      ]
    },
    "detection_f1": {
      "mean": 0.5178029870167558,
      "std": 0.21602264422273715,
      "ci95": [
        0.5101372157986979,
        0.5255871769772169
      ]
    },
    "segmentation_quality": {
      "mean": 0.7364534569991394,
      "std": 0.1268197567999971,
      "ci95": [
        0.7318534356140501,
        0.7414250937962534
      ]
    },
    "recognition_quality": {
      "mean": 0.5178029870167558,
      "std": 0.21602264422273715,
      "ci95": [
        0.5101372157986979,
        0.5255871769772169
      ]
    }
  }
}