{
  "format": "attn-dist-postprocessing-search-v1",
  "scope": "validation_fold_2_only",
  "checkpoint_sha256": "8672b0d2d717d9882f54e87c6a14c2759e04ed2508f4a406529adc04d2cc63f3",
  "dataset_manifest_sha256": "dbca4c3fb948cd0b23edcef8d56bbf489ecdba212480ad5b82833689cd1ded9f",
  "cache": {
    "format": "attn-dist-prediction-cache-v1",
    "checkpoint_sha256": "8672b0d2d717d9882f54e87c6a14c2759e04ed2508f4a406529adc04d2cc63f3",
    "dataset_manifest_sha256": "dbca4c3fb948cd0b23edcef8d56bbf489ecdba212480ad5b82833689cd1ded9f",
    "fold": "validation",
    "samples": 2523,
    "indices_sha256": "05b8308b7370428aaf7da7c2c92cfc7c661c82c338e9307d5b64cbed0a6e0e81",
    "tta": false,
    "dtype": "float32"
  },
  "search": {
    "seed": 42,
    "coarse_samples": 384,
    "grid_size": 7,
    "finalists": 8
  },
  "baseline": {
    "mask_threshold": 0.5,
    "peak_threshold": 0.35,
    "min_size": 10,
    "gaussian_sigma": 1.0,
    "peak_window_size": 7,
    "dice": 0.8215017382216485,
    "aji_plus": 0.48641351092596397,
    "pq": 0.4043580056198258,
    "detection_f1": 0.527188109303052,
    "sq": 0.735488159571444,
    "samples": 2523.0,
    "seconds": 22.554256124996755
  },
  "best": {
    "mask_threshold": 0.45,
    "peak_threshold": 0.45,
    "min_size": 30,
    "gaussian_sigma": 0.25,
    "peak_window_size": 25,
    "dice": 0.8208543768260967,
    "aji_plus": 0.6291541420340412,
    "pq": 0.6028496475924278,
    "detection_f1": 0.7430562420594748,
    "sq": 0.7903859459510398,
    "samples": 2523.0,
    "seconds": 22.28947154200432
  },
  "absolute_gain": {
    "dice": -0.000647361395551771,
    "aji_plus": 0.14274063110807722,
    "pq": 0.19849164197260194,
    "detection_f1": 0.2158681327564228,
    "sq": 0.05489778637959586
  },
  "full_validation_leaderboard": [
    {
      "mask_threshold": 0.45,
      "peak_threshold": 0.45,
      "min_size": 30,
      "gaussian_sigma": 0.25,
      "peak_window_size": 25,
      "dice": 0.8208543768260967,
      "aji_plus": 0.6291541420340412,
      "pq": 0.6028496475924278,
      "detection_f1": 0.7430562420594748,
      "sq": 0.7903859459510398,
      "samples": 2523.0,
      "seconds": 22.28947154200432
    },
    {
      "mask_threshold": 0.45,
      "peak_threshold": 0.45,
      "min_size": 30,
      "gaussian_sigma": 0.0,
      "peak_window_size": 25,
      "dice": 0.8208543768260967,
      "aji_plus": 0.6291114539923411,
      "pq": 0.6028058560917461,
      "detection_f1": 0.7430235079765882,
      "sq": 0.7903615021537943,
      "samples": 2523.0,
      "seconds": 18.5042974579992
    },
    {
      "mask_threshold": 0.45,
      "peak_threshold": 0.45,
      "min_size": 30,
      "gaussian_sigma": 0.5,
      "peak_window_size": 25,
      "dice": 0.8208543768260967,
      "aji_plus": 0.6285652718279523,
      "pq": 0.6027132505397647,
      "detection_f1": 0.7422873389359737,
      "sq": 0.7903559869012687,
      "samples": 2523.0,
      "seconds": 19.821038542002498
    },
    {
      "mask_threshold": 0.45,
      "peak_threshold": 0.45,
      "min_size": 30,
      "gaussian_sigma": 0.75,
      "peak_window_size": 25,
      "dice": 0.8208543768260967,
      "aji_plus": 0.627181694077695,
      "pq": 0.6020762297029768,
      "detection_f1": 0.7403046035957465,
      "sq": 0.7916603060942955,
      "samples": 2523.0,
      "seconds": 19.799458374996902
    },
    {
      "mask_threshold": 0.45,
      "peak_threshold": 0.45,
      "min_size": 30,
      "gaussian_sigma": 1.0,
      "peak_window_size": 25,
      "dice": 0.8208543768260967,
      "aji_plus": 0.6267501083641966,
      "pq": 0.6020749020240017,
      "detection_f1": 0.7390944141904129,
      "sq": 0.7928784408848885,
      "samples": 2523.0,
      "seconds": 19.721437499996682
    },
    {
      "mask_threshold": 0.45,
      "peak_threshold": 0.45,
      "min_size": 30,
      "gaussian_sigma": 1.25,
      "peak_window_size": 25,
      "dice": 0.8208543768260967,
      "aji_plus": 0.6254533768317719,
      "pq": 0.601007353556467,
      "detection_f1": 0.7366281947444194,
      "sq": 0.7941076798869106,
      "samples": 2523.0,
      "seconds": 23.53427633299725
    },
    {
      "mask_threshold": 0.45,
      "peak_threshold": 0.45,
      "min_size": 30,
      "gaussian_sigma": 1.5,
      "peak_window_size": 25,
      "dice": 0.8208543768260967,
      "aji_plus": 0.6233130697837689,
      "pq": 0.598507978814983,
      "detection_f1": 0.7322092759021418,
      "sq": 0.7948163613761228,
      "samples": 2523.0,
      "seconds": 20.204577167001844
    },
    {
      "mask_threshold": 0.5,
      "peak_threshold": 0.35,
      "min_size": 10,
      "gaussian_sigma": 1.0,
      "peak_window_size": 7,
      "dice": 0.8215017382216485,
      "aji_plus": 0.48641351092596397,
      "pq": 0.4043580056198258,
      "detection_f1": 0.527188109303052,
      "sq": 0.735488159571444,
      "samples": 2523.0,
      "seconds": 22.554256124996755
    }
  ],
  "coarse_leaderboard": [
    {
      "mask_threshold": 0.45,
      "peak_threshold": 0.45,
      "min_size": 30,
      "gaussian_sigma": 1.25,
      "peak_window_size": 25,
      "dice": 0.8140077479282861,
      "aji_plus": 0.6181947488340463,
      "pq": 0.5963832427768749,
      "detection_f1": 0.731250479900109,
      "sq": 0.7905330169099853,
      "samples": 384.0,
      "seconds": 2.9692388340045
    },
    {
      "mask_threshold": 0.45,
      "peak_threshold": 0.45,
      "min_size": 30,
      "gaussian_sigma": 0.25,
      "peak_window_size": 25,
      "dice": 0.8140077479282861,
      "aji_plus": 0.6213309312012318,
      "pq": 0.5959050801437625,
      "detection_f1": 0.7341390645006655,
      "sq": 0.7881465997275218,
      "samples": 384.0,
      "seconds": 3.7218449159990996
    },
    {
      "mask_threshold": 0.45,
      "peak_threshold": 0.45,
      "min_size": 30,
      "gaussian_sigma": 0.0,
      "peak_window_size": 25,
      "dice": 0.8140077479282861,
      "aji_plus": 0.6213237203369142,
      "pq": 0.5958487853840547,
      "detection_f1": 0.7340701712026055,
      "sq": 0.7881453143924699,
      "samples": 384.0,
      "seconds": 3.753761416999623
    },
    {
      "mask_threshold": 0.45,
      "peak_threshold": 0.45,
      "min_size": 30,
      "gaussian_sigma": 0.75,
      "peak_window_size": 25,
      "dice": 0.8140077479282861,
      "aji_plus": 0.6195725311265362,
      "pq": 0.5955954436820511,
      "detection_f1": 0.7321480843253797,
      "sq": 0.7881562285711681,
      "samples": 384.0,
      "seconds": 2.985923249994812
    },
    {
      "mask_threshold": 0.45,
      "peak_threshold": 0.45,
      "min_size": 30,
      "gaussian_sigma": 0.5,
      "peak_window_size": 25,
      "dice": 0.8140077479282861,
      "aji_plus": 0.6202018702314999,
      "pq": 0.5955779469187368,
      "detection_f1": 0.7331255914903391,
      "sq": 0.7870838804049547,
      "samples": 384.0,
      "seconds": 3.4217562499979977
    },
    {
      "mask_threshold": 0.45,
      "peak_threshold": 0.45,
      "min_size": 30,
      "gaussian_sigma": 1.0,
      "peak_window_size": 25,
      "dice": 0.8140077479282861,
      "aji_plus": 0.6172612665636407,
      "pq": 0.5943315306214586,
      "detection_f1": 0.7303212858556328,
      "sq": 0.7884052994493788,
      "samples": 384.0,
      "seconds": 2.9857571669999743
    },
    {
      "mask_threshold": 0.45,
      "peak_threshold": 0.45,
      "min_size": 30,
      "gaussian_sigma": 1.5,
      "peak_window_size": 25,
      "dice": 0.8140077479282861,
      "aji_plus": 0.6175833693977654,
      "pq": 0.5941157253594324,
      "detection_f1": 0.727836960552872,
      "sq": 0.7911326943129424,
      "samples": 384.0,
      "seconds": 2.966820875000849
    }
  ],
  "calibrated_checkpoint": {
    "file": "best_iou_calibrated.pt",
    "sha256": "fde326a483d9cbb63b1f698b21ff5a9eecd2798f2571dbdc4b4afa7fd3704262"
  }
}